{"cameraMode":{"drawMode":0,"name":"Shaded","section":"Shading Mode"},"sceneLighting":true,"audioPlay":false,"sceneViewState":{"showFog":true,"showMaterialUpdate":false,"showSkybox":true,"showFlares":true,"showImageEffects":true,"showParticleSystems":true},"in2DMode":false,"pivot":{"x":0.8375678062438965,"y":1.4601097106933594,"z":-6.068517208099365},"rotation":{"x":0.14522305130958558,"y":0.8113474249839783,"z":-0.2271696925163269,"w":0.5186713337898254},"size":3.905895948410034,"orthographic":true}