{"cameraMode":{"drawMode":0,"name":"Shaded","section":"Shading Mode"},"sceneLighting":true,"audioPlay":false,"sceneViewState":{"showFog":true,"showMaterialUpdate":false,"showSkybox":true,"showFlares":true,"showImageEffects":true,"showParticleSystems":true},"in2DMode":false,"pivot":{"x":-1.1756772994995118,"y":1.2552528381347657,"z":5.8416900634765629},"rotation":{"x":-0.05565850809216499,"y":0.9439536333084106,"z":-0.2435489296913147,"w":-0.21575596928596497},"size":5.316417694091797,"orthographic":true}