{"cameraMode":{"drawMode":0,"name":"Shaded","section":"Shading Mode"},"sceneLighting":false,"audioPlay":false,"sceneViewState":{"showFog":true,"showMaterialUpdate":false,"showSkybox":false,"showFlares":true,"showImageEffects":true,"showParticleSystems":true},"in2DMode":false,"pivot":{"x":-8.05850887298584,"y":3.173285484313965,"z":-13.361442565917969},"rotation":{"x":-0.35568660497665408,"y":0.6443090438842773,"z":-0.48052749037742617,"w":-0.4769168198108673},"size":3.4681525230407717,"orthographic":false}