{"cameraMode":{"drawMode":0,"name":"Shaded","section":"Shading Mode"},"sceneLighting":true,"audioPlay":false,"sceneViewState":{"showFog":true,"showMaterialUpdate":false,"showSkybox":true,"showFlares":true,"showImageEffects":true,"showParticleSystems":true},"in2DMode":false,"pivot":{"x":-0.7406779527664185,"y":1.8495897054672242,"z":6.716470718383789},"rotation":{"x":-0.07401051372289658,"y":0.8768798112869263,"z":-0.1433100700378418,"w":-0.452845960855484},"size":4.935808181762695,"orthographic":true}