{"cameraMode":{"drawMode":0,"name":"Shaded","section":"Shading Mode"},"sceneLighting":true,"audioPlay":false,"sceneViewState":{"showFog":true,"showMaterialUpdate":false,"showSkybox":true,"showFlares":true,"showImageEffects":true,"showParticleSystems":true},"in2DMode":false,"pivot":{"x":-3.5098981857299806,"y":-6.789830207824707,"z":-4.427166938781738},"rotation":{"x":-0.11317051202058792,"y":0.8844112753868103,"z":-0.3530493378639221,"w":-0.283494770526886},"size":13.959410667419434,"orthographic":false}