{"cameraMode":{"drawMode":0,"name":"Shaded","section":"Shading Mode"},"sceneLighting":true,"audioPlay":false,"sceneViewState":{"showFog":true,"showMaterialUpdate":false,"showSkybox":true,"showFlares":true,"showImageEffects":true,"showParticleSystems":true},"in2DMode":false,"pivot":{"x":-0.0052495067939162258,"y":0.08404446393251419,"z":3.561361789703369},"rotation":{"x":-0.007877235300838948,"y":0.9861030578613281,"z":-0.1586323380470276,"w":-0.04905582219362259},"size":1.6959750652313233,"orthographic":true}